The Zion Gate is closed.  Move along, infidel, and I mean NOW!	The Zion Gate is closed.  Move along, infidel, and I mean NOW!
The Zion gate is closed.  You should consider yourself fortunate if we allow you to leave with your skin intact.	The Zion gate is closed.  You should consider yourself fortunate if we allow you to leave with your skin intact.
It is a long way to the bottom of the hill!	It is a long way to the bottom of the hill!
The wall is too thick and the opening too narrow to see anything inside.	The wall is too thick and the opening too narrow to see anything inside.
Why would you insult an armed group of men?  Are you feeling exceptionally suicidal today?	Why would you insult an armed group of men?  Are you feeling exceptionally suicidal today?
We have moved as far as we will move.  Do not push your luck, dog of an infidel.	We have moved as far as we will move.  Do not push your luck, dog of an infidel.
There is a dangerous looking Mercenary guard and his thugs guarding a small, closed gate.  They outnumber you, Arthur, and they are well armed.	There is a dangerous looking Mercenary guard and his thugs guarding a small, closed gate.  They outnumber you, Arthur, and they are well armed.
These thugs have the look of violence about them.	These thugs have the look of violence about them.
The mercenary's evil eyes are filled with a savage bloodlust.  He enjoys killing as much as he enjoys taking money	The mercenary's evil eyes are filled with a savage bloodlust.  He enjoys killing as much as he enjoys taking money
Now that he has been paid, the mercenary eyes you with contempt.	Now that he has been paid, the mercenary eyes you with contempt.
The large Mercenary in the pale blue robe is obviously the leader of this little band of thugs.	The large Mercenary in the pale blue robe is obviously the leader of this little band of thugs.
These men carry scimitars, a most lethal Arab weapon.	These men carry scimitars, a most lethal Arab weapon.
Do not be fooled by the look of cloth.  They could well have a helmet beneath the turban.	Do not be fooled by the look of cloth.  They could well have a helmet beneath the turban.
Their robes may look strange to us, but they are perfectly suited to this climate.	Their robes may look strange to us, but they are perfectly suited to this climate.
You may have to pay them again.   Let us hope not.	You may have to pay them again.   Let us hope not.
Let us hope that they will not wish payment to let you leave Jerusalem.	Let us hope that they will not wish payment to let you leave Jerusalem.
You were very wise to avoid a fight with four heavily armed and dangerous men.	You were very wise to avoid a fight with four heavily armed and dangerous men.
You are a lone foreigner against four dangerous mercenaries.  Your life is worth far more than a few coins.	You are a lone foreigner against four dangerous mercenaries.  Your life is worth far more than a few coins.
I do hope you can talk your way out of this, Arthur, but I fear the only language they speak is that of money.	I do hope you can talk your way out of this, Arthur, but I fear the only language they speak is that of money.
The discs seem to be a part of the walls, but I cannot say what their purpose may be.	The discs seem to be a part of the walls, but I cannot say what their purpose may be.
It is an archiere, from which arrows can be fired in time of war.	It is an archiere, from which arrows can be fired in time of war.
The door handles are made of iron.	The door handles are made of iron.
You cannot see it from here.  It is in the western wall.	You cannot see it from here.  It is in the western wall.
If I read my maps of Jerusalem correctly, this is called the Zion Gate and is a minor gate in the south wall.	If I read my maps of Jerusalem correctly, this is called the Zion Gate and is a minor gate in the south wall.
The arch is part of the structure of the Gate.	The arch is part of the structure of the Gate.
These spiny plants are Aloe Vera.	These spiny plants are Aloe Vera.
The walls of Jerusalem are made of huge blocks of a buff-colored stone.	The walls of Jerusalem are made of huge blocks of a buff-colored stone.
Aye, they are rocks.  There is a lot of rock in this country.	Aye, they are rocks.  There is a lot of rock in this country.
Arthur, are you mad?!	Arthur, are you mad?!
The walls of Jerusalem continue on as far as you can see.	The walls of Jerusalem continue on as far as you can see.
It is a long way to the bottom of the hill.	It is a long way to the bottom of the hill.
You have reached one corner of the walls of Jerusalem.  The mercenaries back at the Zion Gate watch you warily.	You have reached one corner of the walls of Jerusalem.  The mercenaries back at the Zion Gate watch you warily.
Another stretch of ancient wall awaits you.	Another stretch of ancient wall awaits you.
To the north is the Jaffa Gate.	To the north is the Jaffa Gate.
There is something ahead that may be the Jaffa Gate.	There is something ahead that may be the Jaffa Gate.
To the south is the southwest corner of the walls of Jerusalem.	To the south is the southwest corner of the walls of Jerusalem.
Aye, 'tis a scrubby tree of no great interest.	Aye, 'tis a scrubby tree of no great interest.
He smells as though he has been sleeping in a pen of goats.  It is a good thing that you are standing upwind.	He smells as though he has been sleeping in a pen of goats.  It is a good thing that you are standing upwind.
I warn you, I am an official of the city!  Pay me an entrance fee or go away.	I warn you, I am an official of the city!  Pay me an entrance fee or go away.
Come, come, I do not have all day.  You must pay me a fee to enter the Jaffa Gate.  Whatever you can afford.	Come, come, I do not have all day.  You must pay me a fee to enter the Jaffa Gate.  Whatever you can afford.
He did not seem to hear you. Perhaps you are too far away.	He did not seem to hear you. Perhaps you are too far away.
If you lay hands upon me, I will call for the city guards and they will chop you into little pieces.	If you lay hands upon me, I will call for the city guards and they will chop you into little pieces.
May the fleas of a thousand camels infest your tent!	May the fleas of a thousand camels infest your tent!
He does not seem to hear you.	He does not seem to hear you.
He is dirty, has a disreputable look, and his clothes are old, threadbare, and smell of goats.	He is dirty, has a disreputable look, and his clothes are old, threadbare, and smell of goats.
A thicket of bushes blocks the path to the north.	A thicket of bushes blocks the path to the north.
He is gone, good riddance.	He is gone, good riddance.
He will know the escape routes of this city.  I doubt that you will have a chance to catch up with him.	He will know the escape routes of this city.  I doubt that you will have a chance to catch up with him.
Arthur!  Will you PLEASE show some caution with the few possessions you have left.	Arthur!  Will you PLEASE show some caution with the few possessions you have left.
Ridiculous!  The last thing on earth you need is a brainless sheep.	Ridiculous!  The last thing on earth you need is a brainless sheep.
Perhaps one of the merchants inside would be interested.	Perhaps one of the merchants inside would be interested.
This is the Jaffa Gate.  What are you waiting for?  Enter.	This is the Jaffa Gate.  What are you waiting for?  Enter.
I suppose there are plenty of merchants in the bazaar.	I suppose there are plenty of merchants in the bazaar.
Aye, he was a fraud if I ever saw one.	Aye, he was a fraud if I ever saw one.
Aye, Arthur, you must be wary of thieves.	Aye, Arthur, you must be wary of thieves.
There is a shop selling cloth inside the bazaar.	There is a shop selling cloth inside the bazaar.
He is gone, and good riddance.	He is gone, and good riddance.
The woman and her sheep are gone.	The woman and her sheep are gone.
This must be the Jaffa Gate.  There is a glimpse of the local bazaar inside, with an open gutter that runs down the center of the street.	This must be the Jaffa Gate.  There is a glimpse of the local bazaar inside, with an open gutter that runs down the center of the street.
Not to mention this bothersome man who is determined to have words with you.	Not to mention this bothersome man who is determined to have words with you.
It is the Jaffa Gate and the way is open.	It is the Jaffa Gate and the way is open.
You must pay me a fee to enter the Jaffa Gate.  Whatever you can afford, but you must pay.	You must pay me a fee to enter the Jaffa Gate.  Whatever you can afford, but you must pay.
Hey, you!	Hey, you!
Yes, yes, welcome to Jerusalem.  Now pay me the fee to enter and let us be done with it.	Yes, yes, welcome to Jerusalem.  Now pay me the fee to enter and let us be done with it.
There is a rather interesting smell of frying food drifting out of the Jaffa Gate.	There is a rather interesting smell of frying food drifting out of the Jaffa Gate.
Without the smell of goat interfering, there is a rather interesting smell of frying food drifting out of the Jaffa Gate.	Without the smell of goat interfering, there is a rather interesting smell of frying food drifting out of the Jaffa Gate.
Ah, uh, no, a mule is too difficult to deal with.  Just money will do.	Ah, uh, no, a mule is too difficult to deal with.  Just money will do.
No, no, YOU must pay ME to enter the gate.	No, no, YOU must pay ME to enter the gate.
No, no, you must give me money, not sell me something.	No, no, you must give me money, not sell me something.
We are reasonable here.  Whatever you can afford.  Come on, I do not have all day.	We are reasonable here.  Whatever you can afford.  Come on, I do not have all day.
Ahm...uhmm...I know nothing of any thief!	Ahm...uhmm...I know nothing of any thief!
Yasser likes not the flash of your steel.	Yasser likes not the flash of your steel.
That has set the fraud to his heels.  But you had best put up your sword for now.  There may be more guards like those at the Zion gate.	That has set the fraud to his heels.  But you had best put up your sword for now.  There may be more guards like those at the Zion gate.
By my beard, Arthur, I believe he was a fraud.	By my beard, Arthur, I believe he was a fraud.
The road leads back into the desert.	The road leads back into the desert.
My advice is simple and obvious.  Enter Jerusalem and search for the Grail!	My advice is simple and obvious.  Enter Jerusalem and search for the Grail!
There's no one here to attack.	There's no one here to attack.
The road seems to stretch on forever.	The road seems to stretch on forever.
It is a scrubby and uninteresting tree.	It is a scrubby and uninteresting tree.
In the distance is the searing desert and arid hills through which you have journeyed.	In the distance is the searing desert and arid hills through which you have journeyed.
It cannot be seen from here.	It cannot be seen from here.
The walls of Jerusalem are but a few paces away.	The walls of Jerusalem are but a few paces away.
Behind you, the Jaffa Gate is open and Jerusalem awaits you.	Behind you, the Jaffa Gate is open and Jerusalem awaits you.
Concern yourself with your sacred mission.  That is all that matters.	Concern yourself with your sacred mission.  That is all that matters.
Arthur, halt!  At great cost to myself, I send this vision of warning.  You must not turn away from your mission now.	Arthur, halt!  At great cost to myself, I send this vision of warning.  You must not turn away from your mission now.
Months of weary labor and travel have brought you here.  There is nothing this way but the desert whose hardship you have already suffered.	Months of weary labor and travel have brought you here.  There is nothing this way but the desert whose hardship you have already suffered.
Turn back to Jerusalem, King Arthur, and seek your destiny within.	Turn back to Jerusalem, King Arthur, and seek your destiny within.
So, in spite of my best efforts and advice, you insist on heading back into the desert like an utter fool.	So, in spite of my best efforts and advice, you insist on heading back into the desert like an utter fool.
And to think that men once hailed you as King and praised your ability.	And to think that men once hailed you as King and praised your ability.
The guards remain and will not let you leave. Do not annoy them, Arthur. There are many more of them and they are all well armed.	The guards remain and will not let you leave. Do not annoy them, Arthur. There are many more of them and they are all well armed.
In Latin, the sign reads "Arma" meaning weaponry or armour. Mohammed is the name of the merchant.	In Latin, the sign reads "Arma" meaning weaponry or armour. Mohammed is the name of the merchant.
The Islamic symbols above his name are the crescent moon and a scimitar. The rest is in Arabic.	The Islamic symbols above his name are the crescent moon and a scimitar. The rest is in Arabic.
It is difficult to see through the shutters.	It is difficult to see through the shutters.
My, quite a view.	My, quite a view.
The second floor of this building has a window and a balcony.	The second floor of this building has a window and a balcony.
Across the street are more merchants.	Across the street are more merchants.
The weapons shop is closed.	The weapons shop is closed.
There is nothing more to be gained here. Do as she instructs.	There is nothing more to be gained here. Do as she instructs.
There is now a girl crying in front of Mohammed's shop. And see, her doves have escaped.	There is now a girl crying in front of Mohammed's shop. And see, her doves have escaped.
Mohammed's shop may be closed, but it appears Mari is open for business.	Mohammed's shop may be closed, but it appears Mari is open for business.
The weapon merchant's shop is closed.	The weapon merchant's shop is closed.
Your mule is being held safely by the weapons merchant. You are fortunate he is an honest man.	Your mule is being held safely by the weapons merchant. You are fortunate he is an honest man.
The weapons merchant looks sympathetic. I suspect this is not the first time he has seen this thief in action.	The weapons merchant looks sympathetic. I suspect this is not the first time he has seen this thief in action.
The scimitar is a common Islamic emblem.	The scimitar is a common Islamic emblem.
The crescent moon is a symbol of the Goddess.	The crescent moon is a symbol of the Goddess.
It is dark inside and you can see nothing.	It is dark inside and you can see nothing.
The windows downstairs are closed. One of the windows upstairs is closed.	The windows downstairs are closed. One of the windows upstairs is closed.
It is closed.	It is closed.
There is no way up to it from here.	There is no way up to it from here.
There are no stairs.	There are no stairs.
Aye, they are rocks.	Aye, they are rocks.
Watch for him if you like, but I doubt he will come near you again.	Watch for him if you like, but I doubt he will come near you again.
He is gone, as you can see.	He is gone, as you can see.
A dubious tactic at best.	A dubious tactic at best.
First you must get her attention.	First you must get her attention.
She is not here.	She is not here.
She is gone.	She is gone.
These rocks are too heavy for any practical use.	These rocks are too heavy for any practical use.
The door is locked.	The door is locked.
No one answers.	No one answers.
You would not need to, even if the weapons merchant were here.	You would not need to, even if the weapons merchant were here.
And be mistaken for a thief?! Do not be a fool. Besides, you could find nothing better than Excaliber, even in this shop.	And be mistaken for a thief?! Do not be a fool. Besides, you could find nothing better than Excaliber, even in this shop.
Totally impractical with all your gear, not to mention how it might excite the city guards.	Totally impractical with all your gear, not to mention how it might excite the city guards.
You should have paid more attention to the scroll in my room before you left Camelot.	You should have paid more attention to the scroll in my room before you left Camelot.
Why do you waste time here?	Why do you waste time here?
Remember, you are dealing with Arab money now. A fals is a copper coin. 4 fals are worth a dirham which is silver. 4 dirhams equal a dinar, which is gold.	Remember, you are dealing with Arab money now. A fals is a copper coin. 4 fals are worth a dirham which is silver. 4 dirhams equal a dinar, which is gold.
No answer. Perhaps she is not home.	No answer. Perhaps she is not home.
She does not answer.	She does not answer.
Across the street is a weapons shop.	Across the street is a weapons shop.
The felafel seller does business as usual. Ibrahim has still not returned, however.	The felafel seller does business as usual. Ibrahim has still not returned, however.
